Wiggins,Katie,Community pharmacist,katie.wiggi@holmes.net,(869)733-7383x08784
Reeves,Jeremiah,"Engineer, control and instrumentation",jerem.reeve@callahan.com,354.666.3190x348
Williams,Candice,TEFL teacher,candi.willi@robinson.com,487.445.4469

Moore,Michael,"Producer, television/film/video",micha.moore@harris-baker.com,359.304.8431
Chapman,Katie,Industrial/product designer,katie.chapm@brady.com,922.863.8977
Schaefer,Barry,Commercial art gallery manager,barry.schae@hernandez.com,(932)373-7103
Stewart,Leslie,"Accountant, chartered",lesli.stewa@romero.com,422-274-5548
Butler,Steven,Medical physicist,steve.butle@yates-le.com,001-367-553-4060
Harris,Candace,Printmaker,canda.harri@adams-forbes.com,001-225-219-2682x57560
Williams,Lisa,Lexicographer,lisa.willi@villarreal.com,402.906.6056x5436
Thomas,Eddie,"Accountant, chartered",eddie.thoma@hall.com,001-372-833-4164x416
Vargas,Sean,Museum/gallery conservator,sean.varga@burch.biz,001-804-507-1865x27286
Gallagher,James,"Scientist, forensic",james.galla@mitchell-morton.biz,001-772-689-6056
Martinez,Julie,"Pharmacist, community",julie.marti@may.com,937-271-8828
Johnson,Tara,Intelligence analyst,tara.johns@henson.com,001-373-425-5263
Nunez,Kathryn,Microbiologist,kathr.nunez@johnson.net,+1-875-417-9032x52410
Jackson,Mike,Quantity surveyor,mike.jacks@shelton-kennedy.org,202.744.8276x943
Jackson,Jessica,Education administrator,jessi.jacks@ferguson.com,707-449-8389x2716
Griffin,Stephanie,"Social research officer, government",steph.griff@anderson.biz,001-873-460-9263x57442
Carter,Shirley,Dentist,shirl.carte@torres.org,(384)696-9328x8745
Leach,Ian,"Scientist, biomedical",ian.leach@davies.com,459.238.1134
Russell,Tiffany,Corporate investment banker,tiffa.russe@pierce-martin.info,001-528-673-5786
Travis,Emily,"Surveyor, mining",emily.travi@white.com,995-566-0395x5282
Stanley,Stephen,Building control surveyor,steph.stanl@strickland.info,331.353.0081
Simpson,Jeffrey,Media buyer,jeffr.simps@nguyen-cochran.com,+1-673-757-8162x92694
Schmitt,Tara,Corporate investment banker,tara.schmi@strickland.com,2732375387
Allen,Adam,"Conservator, museum/gallery",adam.allen@norton.net,458-407-5991
Herman,Morgan,Government social research officer,morga.herma@anderson.org,214-563-3156
Lynn,Christina,"Optician, dispensing",chris.lynn@harris-duncan.com,001-746-235-5114x8495
Hernandez,Kaitlyn,IT technical support officer,kaitl.herna@cervantes.net,4068414048
Welch,Kathryn,Museum/gallery curator,kathr.welch@martin-johnson.com,657.249.0358
Fisher,Christian,Camera operator,chris.fishe@fischer.biz,783.894.4808x985
Bell,Nicholas,Social researcher,nicho.bell@fields.net,496.563.3479x950
Ewing,Robert,"Scientist, research (maths)",rober.ewing@shah.net,(668)206-5769x7399
Martin,Joshua,Animal nutritionist,joshu.marti@fisher.org,001-464-375-4753x59668
Robinson,Jared,"Editor, film/video",jared.robin@gray-marshall.com,(330)544-9281x23179
Mora,Betty,"Engineer, control and instrumentation",betty.mora@scott-evans.com,+1-926-704-2654x877
Mendez,Jason,Risk analyst,jason.mende@zuniga-camacho.org,474.368.4349
Clark,Monica,"Editor, magazine features",monic.clark@anderson.com,(250)572-6057
Calderon,Toni,Biomedical scientist,toni.calde@boone.com,378.690.1415
Dunn,George,Manufacturing systems engineer,georg.dunn@schwartz.com,+1-858-524-2368x61654
Silva,Rita,Technical sales engineer,rita.silva@martinez-johnston.com,001-255-370-0102x2097
Randall,Brianna,Exhibition designer,brian.randa@collins.com,6445474683
Holt,Matthew,Air traffic controller,matth.holt@garrison-cuevas.com,569.635.5463x095
Jackson,Daniel,Multimedia specialist,danie.jacks@jackson-beltran.info,001-426-552-4944x243
Reed,Denise,"Therapist, horticultural",denis.reed@hanson-thompson.com,001-210-426-1848x63156
Conley,Christine,Dancer,chris.conle@beck.com,663.402.0565
Wheeler,Jessica,"Embryologist, clinical",jessi.wheel@peterson.com,(393)440-8106
Burke,Matthew,Podiatrist,matth.burke@burnett-chavez.com,001-489-797-7368x04500
Hanson,Tracy,"Therapist, horticultural",tracy.hanso@garcia.net,+1-386-783-1268x819
Mcdonald,Kevin,Pensions consultant,kevin.mcdon@roth.com,+1-560-343-4430x24308
Robinson,James,"Radiographer, therapeutic",james.robin@ramsey.org,325-422-4553
Bryant,Faith,Theatre director,faith.bryan@holland-sweeney.info,(869)656-8786x49162
Fritz,Todd,Sales promotion account executive,todd.fritz@snyder.com,5187716960
Vasquez,Jessica,Warehouse manager,jessi.vasqu@parks-turner.com,494-306-5251x5206
Everett,Michael,"Engineer, electrical",micha.evere@graves-baker.com,445-726-0628x01473
Parks,Brandon,Horticultural therapist,brand.parks@morales-ruiz.com,(672)605-8942
Wall,Maria,Corporate treasurer,maria.wall@snyder-salinas.net,001-345-694-8739x0997
Walker,Leslie,Historic buildings inspector/conservation officer,lesli.walke@morris.com,(901)976-7292x5269
Taylor,Michelle,Futures trader,miche.taylo@walker-oliver.org,213.539.5080
Graves,Felicia,Pensions consultant,felic.grave@green.com,001-433-316-6984x212
Moore,Duane,Geophysicist/field seismologist,duane.moore@kidd.com,001-904-339-9247x3610
Pearson,Kendra,Furniture designer,kendr.pears@johnson.com,718-880-1044x612
Hines,Alexander,"Engineer, broadcasting (operations)",alexa.hines@hale.com,782.978.8370x9549
Davis,Timothy,Immigration officer,timot.davis@aguirre.com,001-919-953-2592
Martinez,Tina,Licensed conveyancer,tina.marti@schwartz-kelley.net,(539)734-5501
Robinson,Thomas,Primary school teacher,thoma.robin@harris.com,001-678-652-8890
Duncan,Jill,Medical technical officer,jill.dunca@gray-lynn.info,+1-828-512-8693x2611
Webb,Jill,Sports coach,jill.webb@peterson.com,964.318.0092
Padilla,Raven,"Scientist, research (medical)",raven.padil@cruz.com,919.955.7249
Thompson,Laura,Energy manager,laura.thomp@nelson.com,572.418.2673x52093
Elliott,Taylor,Advertising account planner,taylo.ellio@marsh.com,350.482.1854x5039
Hernandez,Jose,"Buyer, industrial",jose.herna@johnson-ross.org,+1-679-479-9737x0939
Blankenship,Joshua,"Conservation officer, historic buildings",joshu.blank@thomas-hunter.com,851.410.2519
Scott,Joseph,Heritage manager,josep.scott@park.com,(238)255-3596x59510
Miranda,Alyssa,Oncologist,alyss.miran@jones.com,316.898.9133x6839
Krause,Steven,Writer,steve.kraus@trujillo.com,926.978.8009
Herman,Christopher,"Sales professional, IT",chris.herma@luna.com,979.967.8864x381
Jackson,James,Water quality scientist,james.jacks@garcia.info,691-932-1475x351
Turner,Luke,"Designer, multimedia",luke.turne@lopez.com,285-444-8742x85019
Ayala,Russell,Software engineer,russe.ayala@blake-gonzalez.com,001-392-903-8585
Hopkins,James,Health and safety adviser,james.hopki@ramirez.com,6379666133
Green,Jared,Location manager,jared.green@robertson.com,001-795-810-9630x1510
Lopez,Hunter,"Producer, television/film/video",hunte.lopez@rhodes.com,+1-641-541-6606x6311
Benton,Tonya,"Administrator, sports",tonya.bento@johnson-rowe.com,864-902-4104x6529
Murphy,Rachel,Minerals surveyor,rache.murph@johnson.com,929.756.2121x38798
Fisher,Charles,Office manager,charl.fishe@hughes.info,001-236-595-6351
Elliott,Jeffrey,"Engineer, control and instrumentation",jeffr.ellio@ramsey-leblanc.com,001-280-364-2378x622
Collins,Belinda,"Surveyor, mining",belin.colli@carter-valdez.com,5044444525
Lawrence,Jimmy,Animal nutritionist,jimmy.lawre@patterson-rogers.com,(902)281-0305x22066
Stewart,Justin,Retail manager,justi.stewa@morton.com,+1-721-538-0138x021
Phillips,Christopher,Adult guidance worker,chris.phill@davis-sparks.info,796.816.1677x182
Lynch,Virginia,Financial risk analyst,virgi.lynch@hawkins.com,555-442-3212x24190
Gray,Jessica,"Conservation officer, historic buildings",jessi.gray@king.com,467-903-5146x9671
Ellis,Thomas,Marine scientist,thoma.ellis@grant.com,(366)205-5487x94322
Lee,Thomas,"Journalist, magazine",thoma.lee@shaw-gallagher.com,453-332-4374x1555
Mcbride,Christine,Barista,chris.mcbri@johnson-jones.com,684-249-9333x67576
Guzman,Joshua,"Programmer, systems",joshu.guzma@white.info,001-795-721-2448x30105
Moore,Samuel,"Therapist, horticultural",samue.moore@henry.biz,6583391554
Walker,Charlene,"Therapist, art",charl.walke@kelly-williams.info,(252)913-2078x96029
